<?xml version="1.0" encoding="UTF-8"?>
<project-private xmlns="http://www.netbeans.org/ns/project-private/1">
    <editor-bookmarks xmlns="http://www.netbeans.org/ns/editor-bookmarks/2" lastBookmarkId="0"/>
    <open-files xmlns="http://www.netbeans.org/ns/projectui-open-files/2">
        <group>
            <file>file:/G:/Project/JAVA/Medical%20Shop%20Management%20&amp;%20Report/A/src/LoginPage.java</file>
            <file>file:/G:/Project/JAVA/Medical%20Shop%20Management%20&amp;%20Report/A/src/FristPage.java</file>
            <file>file:/G:/Project/JAVA/Medical%20Shop%20Management%20&amp;%20Report/A/src/Supplier_Master.java</file>
            <file>file:/G:/Project/JAVA/Medical%20Shop%20Management%20&amp;%20Report/A/src/Product.java</file>
        </group>
    </open-files>
</project-private>
